"id","firstName","lastName","maidenName","age","gender","email","phone","username","password","birthDate","image","bloodGroup","height","weight","eyeColor","hair_color","hair_type","ip","address_address","address_city","address_postalCode","address_state","address_coordinates_lat","address_coordinates_lng"
"1","Emily","Johnson","Smith","28","female","emily.johnson@x.dummyjson.com","+81 965-431-3024","emilys","emilyspass","1996-5-30","https://dummyjson.com/icon/emilys/128","O-","193.24","63.16","Green","Brown","Curly","42.48.100.32","626 Main Street","Phoenix","29112","Mississippi","-77.16213","-92.084824"
"2","Michael","Williams","","35","male","michael.williams@x.dummyjson.com","+49 258-627-6644","michaelw","michaelwpass","1989-8-10","https://dummyjson.com/icon/michaelw/128","B+","186.22","76.32","Red","Green","Straight","12.13.116.142","385 Fifth Street","Houston","38807","Alabama","22.815468","115.608581"
"3","Sophia","Brown","","42","female","sophia.brown@x.dummyjson.com","+81 210-652-2785","sophiab","sophiabpass","1982-11-6","https://dummyjson.com/icon/sophiab/128","O-","177.72","52.60","Hazel","White","Wavy","214.225.51.195","1642 Ninth Street","Washington","32822","Alabama","45.289366","46.832664"
"4","James","Davis","","45","male","james.davis@x.dummyjson.com","+49 614-958-9364","jamesd","jamesdpass","1979-5-4","https://dummyjson.com/icon/jamesd/128","AB+","193.31","62.10","Amber","Blonde","Straight","101.118.131.66","238 Jefferson Street","Seattle","68354","Pennsylvania","16.782513","-139.34723"
"5","Emma","Miller","Johnson","30","female","emma.miller@x.dummyjson.com","+91 759-776-1614","emmaj","emmajpass","1994-6-13","https://dummyjson.com/icon/emmaj/128","AB-","192.80","63.62","Green","White","Straight","224.126.22.183","607 Fourth Street","Jacksonville","26593","Colorado","0.505589","-157.43281"
"6","Olivia","Wilson","","22","female","olivia.wilson@x.dummyjson.com","+91 607-295-6448","oliviaw","oliviawpass","2002-4-20","https://dummyjson.com/icon/oliviaw/128","B+","182.61","58.00","Hazel","Gray","Curly","249.178.112.207","547 First Street","Fort Worth","83843","Tennessee","75.32627","-26.15285"
"7","Alexander","Jones","","38","male","alexander.jones@x.dummyjson.com","+61 260-824-4986","alexanderj","alexanderjpass","1986-10-20","https://dummyjson.com/icon/alexanderj/128","AB-","153.89","77.42","Blue","White","Straight","166.204.84.32","664 Maple Street","Indianapolis","86684","Delaware","35.289664","7.063255"
"8","Ava","Taylor","","27","female","ava.taylor@x.dummyjson.com","+1 458-853-7877","avat","avatpass","1997-8-25","https://dummyjson.com/icon/avat/128","AB-","168.47","57.08","Hazel","Red","Kinky","150.73.197.233","1197 First Street","Fort Worth","24771","Rhode Island","-81.194833","-87.948158"
"9","Ethan","Martinez","","33","male","ethan.martinez@x.dummyjson.com","+92 933-608-5081","ethanm","ethanmpass","1991-2-12","https://dummyjson.com/icon/ethanm/128","AB+","159.19","68.81","Hazel","Purple","Curly","63.191.127.71","466 Pine Street","San Antonio","72360","Louisiana","74.074918","-25.312703"
"10","Isabella","Anderson","Davis","31","female","isabella.anderson@x.dummyjson.com","+49 770-658-4885","isabellad","isabelladpass","1993-6-10","https://dummyjson.com/icon/isabellad/128","A-","150.56","50.10","Brown","Blonde","Curly","114.9.114.205","1964 Oak Street","New York","89352","Utah","41.331324","151.782727"
"11","Liam","Garcia","","29","male","liam.garcia@x.dummyjson.com","+92 870-217-6201","liamg","liamgpass","1995-6-6","https://dummyjson.com/icon/liamg/128","AB-","162.32","93.16","Violet","Red","Wavy","56.201.85.9","576 Fifth Street","Denver","57252","South Dakota","-66.218177","-145.340165"
"12","Mia","Rodriguez","","24","female","mia.rodriguez@x.dummyjson.com","+49 989-461-8403","miar","miarpass","2000-8-4","https://dummyjson.com/icon/miar/128","O-","188.08","56.03","Blue","Purple","Wavy","11.72.253.90","1627 Sixth Street","Jacksonville","41810","West Virginia","24.857497","-34.865429"
"13","Noah","Hernandez","","40","male","noah.hernandez@x.dummyjson.com","+49 393-605-6968","noahh","noahhpass","1984-6-5","https://dummyjson.com/icon/noahh/128","AB+","188.62","69.49","Brown","Red","Curly","169.154.126.57","1413 Maple Street","New York","73696","North Dakota","-25.0377","-151.70469"
"14","Charlotte","Lopez","Martinez","36","female","charlotte.lopez@x.dummyjson.com","+44 373-953-5028","charlottem","charlottempass","1988-6-8","https://dummyjson.com/icon/charlottem/128","AB-","178.92","82.46","Brown","Gray","Kinky","119.103.95.60","208 Second Street","Columbus","42044","Ohio","-44.443762","-151.420561"
"15","William","Gonzalez","","32","male","william.gonzalez@x.dummyjson.com","+81 905-252-7319","williamg","williamgpass","1992-3-27","https://dummyjson.com/icon/williamg/128","B-","173.21","82.41","Hazel","Gray","Curly","250.2.241.204","31 Maple Street","San Jose","78243","Utah","8.152876","113.29799"
"16","Avery","Perez","","25","female","avery.perez@x.dummyjson.com","+61 731-431-3457","averyp","averyppass","1999-3-10","https://dummyjson.com/icon/averyp/128","O-","172.68","93.90","Brown","Green","Curly","131.217.4.214","1125 First Street","Columbus","30973","Iowa","12.789127","85.792598"
"17","Evelyn","Sanchez","","37","female","evelyn.sanchez@x.dummyjson.com","+1 623-880-6871","evelyns","evelynspass","1987-10-13","https://dummyjson.com/icon/evelyns/128","B+","184.08","83.15","Violet","Blue","Curly","87.114.135.146","1170 Lincoln Street","San Diego","43423","Wyoming","-83.31484","11.768071"
"18","Logan","Torres","","31","male","logan.torres@x.dummyjson.com","+81 507-434-8733","logant","logantpass","1993-10-26","https://dummyjson.com/icon/logant/128","A+","190.04","72.43","Green","Green","Curly","155.98.15.162","907 Seventh Street","Columbus","78805","Arkansas","-64.846516","174.775744"
"19","Abigail","Rivera","","28","female","abigail.rivera@x.dummyjson.com","+91 228-363-7806","abigailr","abigailrpass","1996-10-11","https://dummyjson.com/icon/abigailr/128","B+","186.39","74.61","Violet","Blue","Kinky","19.183.240.94","996 Oak Street","Chicago","11407","New Mexico","44.321308","-3.723903"
"20","Jackson","Evans","","34","male","jackson.evans@x.dummyjson.com","+44 468-628-6686","jacksone","jacksonepass","1990-11-30","https://dummyjson.com/icon/jacksone/128","O-","162.57","74.37","Green","Red","Straight","221.127.144.198","1873 Main Street","New York","26600","Arkansas","34.722451","63.448927"
"21","Madison","Collins","","26","female","madison.collins@x.dummyjson.com","+81 259-957-5711","madisonc","madisoncpass","1998-3-7","https://dummyjson.com/icon/madisonc/128","B-","189.28","56.96","Red","Gray","Curly","85.34.1.204","1892 Lincoln Street","Philadelphia","62091","New Jersey","52.993694","160.486892"
"22","Elijah","Stewart","","33","male","elijah.stewart@x.dummyjson.com","+44 468-357-7872","elijahs","elijahspass","1991-10-22","https://dummyjson.com/icon/elijahs/128","A-","195.33","81.64","Blue","Purple","Straight","23.87.135.62","1701 Eighth Street","Columbus","31585","Illinois","-54.833799","-174.504027"
"23","Chloe","Morales","","39","female","chloe.morales@x.dummyjson.com","+92 468-541-7133","chloem","chloempass","1985-4-21","https://dummyjson.com/icon/chloem/128","O+","185.07","63.97","Brown","Red","Kinky","66.78.20.21","401 Fourth Street","Dallas","54972","New Jersey","-30.190759","-58.705979"
"24","Mateo","Nguyen","","30","male","mateo.nguyen@x.dummyjson.com","+1 341-597-6694","mateon","mateonpass","1994-6-2","https://dummyjson.com/icon/mateon/128","O+","174.29","59.98","Red","Purple","Wavy","192.57.144.7","1578 Fourth Street","Columbus","20673","Missouri","-32.828675","-82.557354"
"25","Harper","Kelly","Evans","27","female","harper.kelly@x.dummyjson.com","+92 518-863-2863","harpere","harperepass","1997-3-3","https://dummyjson.com/icon/harpere/128","AB-","184.32","81.69","Amber","Red","Curly","174.111.61.162","1591 Adams Street","Philadelphia","69521","New York","-26.832913","-75.445017"
"26","Evelyn","Gonzalez","","35","female","evelyn.gonzalez@x.dummyjson.com","+61 708-508-4638","evelyng","evelyngpass","1989-2-5","https://dummyjson.com/icon/evelyng/128","O+","168.94","58.47","Red","Black","Wavy","42.52.74.232","1065 Lincoln Street","Dallas","84898","Maine","67.768359","71.268643"
"27","Daniel","Cook","","41","male","daniel.cook@x.dummyjson.com","+44 254-761-6843","danielc","danielcpass","1983-12-25","https://dummyjson.com/icon/danielc/128","AB+","186.21","83.72","Brown","Blonde","Curly","1.61.73.142","1163 Pine Street","Los Angeles","58781","Nevada","-3.456681","-134.937482"
"28","Lily","Lee","Brown","29","female","lily.lee@x.dummyjson.com","+1 808-757-9867","lilyb","lilybpass","1995-12-3","https://dummyjson.com/icon/lilyb/128","AB-","181.42","51.49","Gray","Purple","Straight","67.184.255.96","1946 Oak Street","Phoenix","41540","Massachusetts","-9.87059","-72.336845"
"29","Henry","Hill","","38","male","henry.hill@x.dummyjson.com","+1 240-833-4680","henryh","henryhpass","1986-8-19","https://dummyjson.com/icon/henryh/128","O-","180.25","95.84","Gray","Black","Straight","194.43.55.202","1837 Maple Street","Indianapolis","81783","Delaware","35.498256","154.088476"
"30","Addison","Wright","","32","female","addison.wright@x.dummyjson.com","+1 514-384-3300","addisonw","addisonwpass","1992-1-3","https://dummyjson.com/icon/addisonw/128","B+","179.32","76.93","Brown","Blonde","Straight","11.35.69.81","568 Tenth Street","San Francisco","54698","Montana","20.946052","100.228822"
"31","Gabriel","Adams","","36","male","gabriel.adams@x.dummyjson.com","+91 936-400-4116","gabriela","gabrielapass","1988-9-5","https://dummyjson.com/icon/gabriela/128","B+","181.72","79.14","Green","Blonde","Curly","22.129.163.106","1814 Cedar Street","Charlotte","21191","Indiana","52.410844","23.60067"
"32","Natalie","Harris","","28","female","natalie.harris@x.dummyjson.com","+49 584-501-9302","natalieh","nataliehpass","1996-7-23","https://dummyjson.com/icon/natalieh/128","AB+","196.70","57.00","Green","Black","Wavy","15.75.88.81","356 Pine Street","San Jose","31121","Mississippi","-20.105724","136.91646"
"33","Carter","Baker","","31","male","carter.baker@x.dummyjson.com","+49 787-512-9117","carterb","carterbpass","1993-4-19","https://dummyjson.com/icon/carterb/128","A+","190.96","70.78","Green","Brown","Straight","167.111.147.45","625 Third Street","Denver","74622","Oregon","-63.00584","76.189171"
"34","Sofia","Mitchell","","25","female","sofia.mitchell@x.dummyjson.com","+92 957-686-6804","sofiam","sofiampass","1999-11-18","https://dummyjson.com/icon/sofiam/128","O-","186.93","69.14","Red","Blonde","Curly","214.76.55.140","21 Cedar Street","San Francisco","42411","Oregon","-44.27707","-40.123604"
"35","Jack","Ward","","29","male","jack.ward@x.dummyjson.com","+91 857-765-4373","jackw","jackwpass","1995-9-23","https://dummyjson.com/icon/jackw/128","B-","198.13","56.73","Hazel","White","Kinky","131.243.182.227","164 Elm Street","Phoenix","42061","Idaho","52.754451","32.383886"
"36","Harper","Turner","","33","female","harper.turner@x.dummyjson.com","+49 980-340-5333","harpert","harpertpass","1991-1-14","https://dummyjson.com/icon/harpert/128","A+","191.03","70.18","Gray","Red","Curly","102.200.5.180","1964 Fifth Street","Dallas","63361","Utah","-41.149882","-167.072873"
"37","Mason","Parker","","34","male","mason.parker@x.dummyjson.com","+61 837-389-4095","masonp","masonppass","1990-4-20","https://dummyjson.com/icon/masonp/128","AB+","171.56","76.25","Hazel","Gray","Wavy","97.184.116.71","419 Elm Street","Seattle","20540","Louisiana","-59.018685","82.296555"
"38","Aria","Roberts","","26","female","aria.roberts@x.dummyjson.com","+61 411-514-5320","ariar","ariarpass","1998-3-25","https://dummyjson.com/icon/ariar/128","A-","199.62","88.96","Gray","Blue","Curly","208.86.10.37","560 Fifth Street","Seattle","70664","Rhode Island","36.157244","-29.219594"
"39","Lucas","Gray","","30","male","lucas.gray@x.dummyjson.com","+44 687-435-7119","lucasg","lucasgpass","1994-4-6","https://dummyjson.com/icon/lucasg/128","O-","195.26","88.50","Amber","Red","Wavy","56.97.195.115","590 Lincoln Street","Houston","12506","Wisconsin","-50.975209","53.492629"
"40","Ella","Adams","","27","female","ella.adams@x.dummyjson.com","+1 450-865-6061","ellaa","ellaapass","1997-6-20","https://dummyjson.com/icon/ellaa/128","B-","167.53","64.19","Hazel","White","Wavy","175.172.136.236","1420 First Street","Washington","85475","Utah","-20.421386","-125.851148"
"41","Evan","Reed","","32","male","evan.reed@x.dummyjson.com","+61 932-569-4853","evanr","evanrpass","1992-6-16","https://dummyjson.com/icon/evanr/128","O+","152.55","90.40","Blue","Blonde","Kinky","6.25.22.101","98 Tenth Street","San Antonio","19937","North Carolina","89.781211","-50.810277"
"42","Avery","Carter","","28","female","avery.carter@x.dummyjson.com","+44 254-655-6112","averyc","averycpass","1996-8-21","https://dummyjson.com/icon/averyc/128","B-","179.92","59.37","Blue","Blue","Straight","187.69.252.251","1999 Seventh Street","San Diego","13916","West Virginia","-59.303292","-87.318538"
"43","Benjamin","Foster","","34","male","benjamin.foster@x.dummyjson.com","+61 333-911-3476","benjaminf","benjaminfpass","1990-11-1","https://dummyjson.com/icon/benjaminf/128","O+","164.20","58.90","Gray","Blue","Kinky","132.29.94.179","25 Sixth Street","San Diego","48884","Delaware","41.653453","175.676203"
"44","Scarlett","Wright","","26","female","scarlett.wright@x.dummyjson.com","+1 599-432-3048","scarlettw","scarlettwpass","1998-5-9","https://dummyjson.com/icon/scarlettw/128","A+","180.04","70.75","Brown","Gray","Straight","243.186.233.187","1276 Cedar Street","Phoenix","32823","Vermont","-58.699428","143.479322"
"45","Lincoln","Kelly","","30","male","lincoln.kelly@x.dummyjson.com","+49 680-666-9673","lincolnk","lincolnkpass","1994-1-12","https://dummyjson.com/icon/lincolnk/128","A+","191.01","73.38","Amber","White","Straight","82.138.239.3","108 Adams Street","Columbus","51083","Montana","59.268321","-30.466022"
"46","Hannah","Robinson","","29","female","hannah.robinson@x.dummyjson.com","+92 556-625-4398","hannahr","hannahrpass","1995-2-2","https://dummyjson.com/icon/hannahr/128","AB+","150.25","67.93","Brown","Green","Kinky","82.201.57.248","666 Fourth Street","Phoenix","82463","West Virginia","3.84181","-33.501862"
"47","Nicholas","Bailey","","35","male","nicholas.bailey@x.dummyjson.com","+49 212-856-4272","nicholasb","nicholasbpass","1989-6-14","https://dummyjson.com/icon/nicholasb/128","A+","162.29","50.86","Gray","Gray","Curly","171.101.211.225","55 Madison Street","Chicago","58331","Rhode Island","2.340163","-34.156688"
"48","Luna","Russell","","27","female","luna.russell@x.dummyjson.com","+91 730-486-3735","lunar","lunarpass","1997-6-18","https://dummyjson.com/icon/lunar/128","O-","188.00","76.37","Hazel","White","Straight","218.176.123.51","968 Elm Street","San Diego","64610","Colorado","81.64788","179.922909"
"49","Jacob","Cooper","","31","male","jacob.cooper@x.dummyjson.com","+91 322-775-7582","jacobc","jacobcpass","1993-12-21","https://dummyjson.com/icon/jacobc/128","A+","157.39","96.32","Brown","Green","Wavy","145.68.5.38","1419 Pine Street","Columbus","61227","Montana","75.201414","-106.866138"
"50","Stella","Hughes","","33","female","stella.hughes@x.dummyjson.com","+92 378-326-3439","stellah","stellahpass","1991-11-6","https://dummyjson.com/icon/stellah/128","A-","171.20","81.45","Brown","Blue","Straight","201.29.33.153","926 Elm Street","Jacksonville","24463","New Hampshire","-29.825372","116.639085"
"51","Eli","Bennett","","29","male","eli.bennett@x.dummyjson.com","+1 465-379-7226","elib","elibpass","1995-9-17","https://dummyjson.com/icon/elib/128","B+","170.61","91.22","Gray","Brown","Kinky","144.73.131.148","1423 Main Street","Jacksonville","34271","Idaho","-15.022759","58.392572"
"52","Grace","Perry","","26","female","grace.perry@x.dummyjson.com","+49 550-430-8269","gracep","graceppass","1998-12-23","https://dummyjson.com/icon/gracep/128","B-","193.34","81.70","Gray","Red","Straight","39.127.170.122","1957 Cedar Street","Seattle","61720","Pennsylvania","-63.108401","-30.256437"
"53","Lucas","Gordon","","35","male","lucas.gordon@x.dummyjson.com","+81 367-320-4960","lucasgx","lucasgxpass","1989-9-11","https://dummyjson.com/icon/lucasgx/128","B-","179.73","72.92","Brown","Red","Wavy","79.214.245.49","1386 Third Street","Los Angeles","37169","Rhode Island","-54.741494","-116.593511"
"54","Ava","Harrison","","28","female","ava.harrison@x.dummyjson.com","+44 926-778-4653","avah","avahpass","1996-4-22","https://dummyjson.com/icon/avah/128","O-","155.72","93.47","Hazel","Brown","Curly","225.40.138.177","1094 Adams Street","San Antonio","14336","Vermont","-84.032892","-46.255902"
"55","Owen","Fisher","","31","male","owen.fisher@x.dummyjson.com","+49 328-635-8057","owenf","owenfpass","1993-6-26","https://dummyjson.com/icon/owenf/128","O-","167.31","72.03","Gray","White","Kinky","196.196.227.202","1486 Second Street","Chicago","54304","Nevada","79.330781","-13.162134"
"56","Samantha","Howard","","30","female","samantha.howard@x.dummyjson.com","+91 458-289-9756","samanthah","samanthahpass","1994-6-17","https://dummyjson.com/icon/samanthah/128","O-","183.61","81.47","Green","Black","Wavy","60.137.253.102","1506 Jefferson Street","Austin","20118","Alaska","-30.25137","124.764848"
"57","Nathan","Dixon","","34","male","nathan.dixon@x.dummyjson.com","+44 540-488-4436","nathand","nathandpass","1990-11-10","https://dummyjson.com/icon/nathand/128","A+","166.43","59.96","Brown","White","Straight","21.193.172.72","1795 Seventh Street","Columbus","20882","Utah","-15.794158","-83.214052"
"58","Bella","Grant","","27","female","bella.grant@x.dummyjson.com","+92 896-206-1901","bellag","bellagpass","1997-3-15","https://dummyjson.com/icon/bellag/128","O-","192.65","96.46","Amber","Blonde","Straight","123.144.124.157","447 Ninth Street","Dallas","40138","Mississippi","30.371676","-141.802948"
"59","Ethan","Fletcher","","33","male","ethan.fletcher@x.dummyjson.com","+1 251-564-2643","ethanf","ethanfpass","1991-5-1","https://dummyjson.com/icon/ethanf/128","AB-","183.99","83.98","Violet","Brown","Curly","21.94.6.7","789 Main Street","Dallas","87924","Arkansas","29.411519","23.598322"
"60","Lillian","Simmons","","32","female","lillian.simmons@x.dummyjson.com","+61 857-625-2029","lillians","lillianspass","1992-3-9","https://dummyjson.com/icon/lillians/128","A+","173.72","87.33","Gray","Black","Kinky","161.193.124.63","1577 Seventh Street","Phoenix","47571","Minnesota","-78.054184","-159.412033"
"61","Mason","Pearson","","28","male","mason.pearson@x.dummyjson.com","+1 394-401-1757","masonpx","masonpxpass","1996-5-9","https://dummyjson.com/icon/masonpx/128","A+","198.74","60.14","Gray","Green","Straight","167.22.242.229","14 Main Street","Phoenix","82481","Idaho","-38.914334","171.16941"
"62","Leah","Henderson","","26","female","leah.henderson@x.dummyjson.com","+91 453-220-4258","leahh","leahhpass","1998-8-19","https://dummyjson.com/icon/leahh/128","B-","153.01","67.56","Brown","Blue","Wavy","64.196.103.68","554 Seventh Street","Austin","42884","Wyoming","24.228272","23.462478"
"63","Logan","Lawson","","33","male","logan.lawson@x.dummyjson.com","+1 750-526-9455","loganl","loganlpass","1991-8-5","https://dummyjson.com/icon/loganl/128","B+","195.97","51.89","Amber","Gray","Wavy","152.155.90.41","1110 Fifth Street","Chicago","10672","Minnesota","40.581664","146.441717"
"64","Avery","Barnes","","29","female","avery.barnes@x.dummyjson.com","+91 207-801-7417","averyb","averybpass","1995-2-5","https://dummyjson.com/icon/averyb/128","O-","158.10","77.81","Green","Gray","Kinky","104.8.31.159","466 Sixth Street","Philadelphia","61359","Connecticut","-5.728671","38.921097"
"65","Caleb","Perkins","","30","male","caleb.perkins@x.dummyjson.com","+81 351-413-9369","calebp","calebppass","1994-7-28","https://dummyjson.com/icon/calebp/128","AB-","151.24","62.54","Blue","White","Wavy","243.236.99.67","1078 Sixth Street","Los Angeles","12319","South Carolina","-25.994847","-147.135588"
"66","Aria","Ferguson","","27","female","aria.ferguson@x.dummyjson.com","+44 434-406-8551","ariaf","ariafpass","1997-6-1","https://dummyjson.com/icon/ariaf/128","B+","161.81","97.12","Blue","Blue","Wavy","180.24.111.167","1553 Sixth Street","San Diego","59501","Wyoming","-66.092723","169.9952"
"67","Gabriel","Hayes","","34","male","gabriel.hayes@x.dummyjson.com","+61 386-511-8949","gabrielh","gabrielhpass","1990-4-8","https://dummyjson.com/icon/gabrielh/128","A+","172.00","83.77","Red","White","Wavy","217.72.9.121","240 Jefferson Street","San Jose","63269","Minnesota","-25.766511","-76.004117"
"68","Layla","Sullivan","","25","female","layla.sullivan@x.dummyjson.com","+92 657-388-7474","laylas","laylaspass","1999-10-3","https://dummyjson.com/icon/laylas/128","O-","187.49","56.12","Gray","Purple","Straight","137.194.35.102","639 Fourth Street","Denver","56891","Arizona","89.415268","-29.532108"
"69","Christopher","West","","31","male","christopher.west@x.dummyjson.com","+49 968-571-2475","christopherw","christopherwpass","1993-11-16","https://dummyjson.com/icon/christopherw/128","AB+","173.02","83.19","Red","Blue","Curly","38.64.216.221","1656 Eighth Street","Denver","63011","Pennsylvania","-82.516652","-147.519835"
"70","Zoe","Nicholson","","32","female","zoe.nicholson@x.dummyjson.com","+49 638-976-6904","zoen","zoenpass","1992-12-24","https://dummyjson.com/icon/zoen/128","A+","177.34","56.28","Hazel","Red","Wavy","162.232.212.187","1705 Pine Street","Jacksonville","39449","Kansas","35.632082","127.968158"
"71","Nolan","Bryant","","29","male","nolan.bryant@x.dummyjson.com","+44 618-916-5243","nolanb","nolanbpass","1995-12-7","https://dummyjson.com/icon/nolanb/128","B-","180.65","94.04","Brown","Gray","Curly","104.73.181.230","236 Lincoln Street","Jacksonville","56830","Nevada","-87.184494","-137.530694"
"72","Victoria","McDonald","","27","female","victoria.mcdonald@x.dummyjson.com","+91 624-944-2089","victoriam","victoriampass","1997-9-16","https://dummyjson.com/icon/victoriam/128","AB+","172.55","97.24","Hazel","Purple","Wavy","173.205.48.240","244 Second Street","Austin","39608","Missouri","-72.323497","138.264727"
"73","Max","Russell","","34","male","max.russell@x.dummyjson.com","+44 663-850-4302","maxr","maxrpass","1990-4-19","https://dummyjson.com/icon/maxr/128","AB-","153.37","76.58","Blue","Blue","Wavy","212.179.168.242","1813 Ninth Street","Chicago","46278","Oklahoma","27.088722","104.023237"
"74","Penelope","Harper","","28","female","penelope.harper@x.dummyjson.com","+44 907-679-1302","penelopeh","penelopehpass","1996-9-14","https://dummyjson.com/icon/penelopeh/128","A-","161.76","93.74","Brown","Blonde","Straight","124.114.248.236","571 Washington Street","Charlotte","26857","Pennsylvania","54.991384","14.355841"
"75","Ryan","Graham","","31","male","ryan.graham@x.dummyjson.com","+92 260-518-7256","ryang","ryangpass","1993-10-2","https://dummyjson.com/icon/ryang/128","AB-","170.74","74.67","Green","Blue","Wavy","168.118.81.248","1858 Madison Street","San Antonio","44329","Tennessee","11.44191","-42.217944"
"76","Madeline","Simpson","","26","female","madeline.simpson@x.dummyjson.com","+44 371-964-4017","madelines","madelinespass","1998-12-1","https://dummyjson.com/icon/madelines/128","AB+","181.51","67.70","Brown","Blonde","Straight","29.230.204.12","1466 Oak Street","Los Angeles","29730","New Jersey","-61.252684","-159.370289"
"77","Jonathan","Pierce","","33","male","jonathan.pierce@x.dummyjson.com","+61 456-307-5568","jonathanp","jonathanppass","1991-9-25","https://dummyjson.com/icon/jonathanp/128","B+","151.41","57.86","Violet","Blonde","Wavy","121.29.4.35","1110 Seventh Street","San Diego","34379","Ohio","-85.385955","-49.11738"
"78","Eleanor","Tyler","","30","female","eleanor.tyler@x.dummyjson.com","+1 232-621-9938","eleanort","eleanortpass","1994-10-26","https://dummyjson.com/icon/eleanort/128","O-","195.85","70.03","Green","Brown","Wavy","54.87.239.213","439 Pine Street","San Antonio","64622","New Hampshire","51.5965","47.479982"
"79","Isaac","Lawrence","","32","male","isaac.lawrence@x.dummyjson.com","+81 693-260-7234","isaacl","isaaclpass","1992-1-6","https://dummyjson.com/icon/isaacl/128","A+","177.52","88.08","Hazel","Blue","Kinky","125.69.20.49","1581 Oak Street","Austin","62609","North Dakota","63.188944","-119.083714"
"80","Hazel","Gardner","","27","female","hazel.gardner@x.dummyjson.com","+91 688-478-9459","hazelg","hazelgpass","1997-9-18","https://dummyjson.com/icon/hazelg/128","O+","166.79","82.31","Red","Red","Wavy","6.254.212.106","756 Washington Street","New York","35181","Kentucky","-9.898936","81.738951"
"81","Austin","Hudson","","29","male","austin.hudson@x.dummyjson.com","+81 405-412-4250","austinh","austinhpass","1995-5-1","https://dummyjson.com/icon/austinh/128","A-","189.77","66.83","Blue","Blue","Straight","147.130.253.116","1468 Eighth Street","Los Angeles","64305","Maryland","-28.392471","-44.144328"
"82","Lillian","Bishop","","26","female","lillian.bishop@x.dummyjson.com","+92 538-589-5885","lillianb","lillianbpass","1998-8-2","https://dummyjson.com/icon/lillianb/128","O-","192.14","64.86","Hazel","Blue","Curly","24.17.79.226","1959 Lincoln Street","Jacksonville","79154","Minnesota","39.203338","-68.447736"
"83","Dylan","Wells","","34","male","dylan.wells@x.dummyjson.com","+49 659-638-1106","dylanw","dylanwpass","1990-11-7","https://dummyjson.com/icon/dylanw/128","O+","156.56","83.29","Amber","Brown","Curly","254.112.7.252","816 Sixth Street","Philadelphia","54522","West Virginia","-82.623651","33.259567"
"84","Aaliyah","Hanson","","28","female","aaliyah.hanson@x.dummyjson.com","+1 275-501-1119","aaliyahh","aaliyahhpass","1996-3-20","https://dummyjson.com/icon/aaliyahh/128","B+","164.50","92.03","Blue","Gray","Wavy","51.180.201.49","790 Eighth Street","Philadelphia","51438","North Dakota","15.832722","-148.237795"
"85","Cameron","Burke","","31","male","cameron.burke@x.dummyjson.com","+1 976-686-7996","cameronb","cameronbpass","1993-2-28","https://dummyjson.com/icon/cameronb/128","A+","167.99","65.63","Hazel","Black","Curly","223.11.49.77","1192 Adams Street","Denver","32940","South Dakota","-64.736971","-145.00299"
"86","Nora","Mills","","26","female","nora.mills@x.dummyjson.com","+44 767-262-6860","noram","norampass","1998-9-18","https://dummyjson.com/icon/noram/128","O+","180.77","56.11","Hazel","Blonde","Curly","129.48.92.197","940 Oak Street","San Jose","51983","Kansas","-21.747982","-17.382449"
"87","Hunter","Gordon","","33","male","hunter.gordon@x.dummyjson.com","+1 986-988-5297","hunterg","huntergpass","1991-2-8","https://dummyjson.com/icon/hunterg/128","A+","186.43","83.88","Blue","Red","Curly","59.138.90.32","614 Third Street","Charlotte","77521","Florida","72.687425","145.404561"
"88","Aubrey","Wagner","","30","female","aubrey.wagner@x.dummyjson.com","+81 285-568-5834","aubreyw","aubreywpass","1994-4-1","https://dummyjson.com/icon/aubreyw/128","B+","168.73","79.86","Red","Blonde","Wavy","203.204.53.60","1147 Adams Street","Phoenix","72711","North Carolina","-55.796433","-163.621876"
"89","Brayden","Fleming","","32","male","brayden.fleming@x.dummyjson.com","+1 404-382-1778","braydenf","braydenfpass","1992-7-20","https://dummyjson.com/icon/braydenf/128","B-","162.36","92.54","Blue","Purple","Wavy","190.7.180.9","328 Second Street","Jacksonville","30822","Arkansas","-31.165455","80.818634"
"90","Scarlett","Bowman","","27","female","scarlett.bowman@x.dummyjson.com","+44 928-549-7517","scarlettb","scarlettbpass","1997-2-26","https://dummyjson.com/icon/scarlettb/128","AB-","185.22","92.68","Red","Gray","Straight","62.62.42.196","1108 Madison Street","New York","63825","New Jersey","49.409345","-134.912011"
"91","Levi","Hicks","","29","male","levi.hicks@x.dummyjson.com","+92 931-753-3850","levih","levihpass","1995-5-19","https://dummyjson.com/icon/levih/128","A-","199.06","95.68","Red","Blue","Curly","235.155.45.205","1836 Pine Street","Phoenix","74747","West Virginia","43.752994","-60.845798"
"92","Autumn","Gomez","","26","female","autumn.gomez@x.dummyjson.com","+1 340-455-2897","autumng","autumngpass","1998-2-1","https://dummyjson.com/icon/autumng/128","A-","182.61","92.77","Amber","Purple","Wavy","104.233.56.225","1585 Washington Street","Dallas","53203","Illinois","27.443768","-176.861979"
"93","Julian","Newton","","34","male","julian.newton@x.dummyjson.com","+92 865-328-8737","juliann","juliannpass","1990-7-2","https://dummyjson.com/icon/juliann/128","AB-","162.55","50.79","Amber","Purple","Wavy","53.230.49.216","565 First Street","Fort Worth","33623","Iowa","37.071505","6.844804"
"94","Ruby","Andrews","","28","female","ruby.andrews@x.dummyjson.com","+1 343-203-7912","rubya","rubyapass","1996-7-7","https://dummyjson.com/icon/rubya/128","AB+","176.73","98.77","Brown","White","Wavy","37.23.186.32","800 Adams Street","Dallas","85259","Texas","17.888532","147.485554"
"95","Miles","Stevenson","","31","male","miles.stevenson@x.dummyjson.com","+49 708-659-4394","miless","milesspass","1993-3-1","https://dummyjson.com/icon/miless/128","AB+","151.88","97.67","Gray","White","Straight","205.69.48.134","1778 Tenth Street","Charlotte","29192","Montana","87.914882","55.932358"
"96","Aurora","Lawson","","26","female","aurora.lawson@x.dummyjson.com","+92 802-452-4192","auroral","auroralpass","1998-6-16","https://dummyjson.com/icon/auroral/128","O+","174.28","88.18","Violet","Green","Wavy","161.244.58.227","1140 Adams Street","Dallas","29004","Minnesota","83.417744","-7.933044"
"97","Oscar","Powers","","33","male","oscar.powers@x.dummyjson.com","+61 929-572-1408","oscarp","oscarppass","1991-9-7","https://dummyjson.com/icon/oscarp/128","O+","169.03","62.55","Violet","Green","Wavy","216.204.186.222","1948 Jefferson Street","Charlotte","12263","Vermont","52.294653","-70.69936"
"98","Clara","Berry","","30","female","clara.berry@x.dummyjson.com","+1 390-831-5172","clarab","clarabpass","1994-2-13","https://dummyjson.com/icon/clarab/128","O-","151.55","90.27","Red","Blue","Wavy","144.153.81.107","1577 Jefferson Street","Seattle","41818","Montana","88.607515","92.692781"
"99","Gavin","Stanley","","32","male","gavin.stanley@x.dummyjson.com","+44 466-358-6026","gavins","gavinspass","1992-3-17","https://dummyjson.com/icon/gavins/128","O-","173.37","92.17","Amber","Black","Straight","189.110.169.3","1898 Second Street","Houston","85234","Mississippi","70.915423","-30.195987"
"100","Lila","Hudson","","27","female","lila.hudson@x.dummyjson.com","+91 697-236-1544","lilah","lilahpass","1997-9-1","https://dummyjson.com/icon/lilah/128","AB+","190.10","70.03","Gray","Blonde","Wavy","96.35.42.117","262 Ninth Street","Chicago","17472","Nevada","-68.233207","-67.04255"
"101","Alice","Smith","Johnson","28","female","alice.smith@x.dummyjson.com","+61 611-556-8989","alicej","alicejpass","1996-9-8","https://dummyjson.com/icon/alicej/128","AB-","171.67","56.25","Red","Black","Straight","223.157.14.11","1631 Fourth Street","Houston","81896","Arkansas","-16.873954","118.766256"
"102","John","Doe","","35","male","john.doe@x.dummyjson.com","+44 242-757-6754","johnd","johndpass","1989-2-20","https://dummyjson.com/icon/johnd/128","B-","179.44","93.42","Brown","Blonde","Wavy","1.250.48.36","37 Second Street","Fort Worth","33991","New York","-66.043758","-59.356632"
"103","Emily","Brown","Taylor","42","female","emily.brown@x.dummyjson.com","+61 875-999-8871","emilyt","emilytpass","1982-12-5","https://dummyjson.com/icon/emilyt/128","AB-","181.96","89.65","Blue","Brown","Kinky","41.156.197.109","1962 Fourth Street","Houston","67104","Hawaii","-64.336051","135.876737"
"104","Michael","Johnson","","24","male","michael.johnson@x.dummyjson.com","+92 290-825-4767","michaelj","michaeljpass","2000-1-6","https://dummyjson.com/icon/michaelj/128","A+","164.38","97.18","Red","White","Curly","115.37.119.66","1252 Washington Street","Phoenix","64002","Maryland","-79.040825","100.576804"
"105","Emma","Wilson","Clark","31","female","emma.wilson@x.dummyjson.com","+49 933-975-3236","emmac","emmacpass","1993-6-2","https://dummyjson.com/icon/emmac/128","O+","164.59","97.44","Gray","Brown","Straight","23.240.162.228","888 Lincoln Street","New York","85313","Kansas","64.320835","-25.984113"
"106","David","Martinez","","39","male","david.martinez@x.dummyjson.com","+1 846-350-3024","davidm","davidmpass","1985-6-11","https://dummyjson.com/icon/davidm/128","O+","159.35","88.58","Gray","Red","Kinky","50.111.18.40","510 Pine Street","Seattle","75448","New Jersey","-70.300461","-43.907001"
"107","Olivia","Anderson","Harris","29","female","olivia.anderson@x.dummyjson.com","+44 952-688-2836","oliviah","oliviahpass","1995-6-23","https://dummyjson.com/icon/oliviah/128","B+","155.22","99.18","Brown","Blue","Wavy","209.171.160.250","466 Cedar Street","Houston","37773","Vermont","-41.687661","162.81871"
"108","James","Garcia","","45","male","james.garcia@x.dummyjson.com","+1 958-844-1106","jamesg","jamesgpass","1979-11-29","https://dummyjson.com/icon/jamesg/128","A-","175.44","67.27","Green","Red","Wavy","9.23.123.103","41 Maple Street","Washington","54618","Maryland","18.738768","174.881955"
"109","Sophia","Jones","Moore","33","female","sophia.jones@x.dummyjson.com","+92 230-523-9981","sophiam","sophiampass","1991-5-21","https://dummyjson.com/icon/sophiam/128","AB+","187.20","61.59","Amber","Green","Wavy","199.163.24.60","895 Sixth Street","Phoenix","24752","Georgia","3.39453","-101.97078"
"110","Daniel","Taylor","","27","male","daniel.taylor@x.dummyjson.com","+92 944-656-6731","danielt","danieltpass","1997-12-21","https://dummyjson.com/icon/danielt/128","AB-","183.88","72.49","Blue","Black","Kinky","54.218.41.97","339 Pine Street","San Francisco","14050","Virginia","57.726676","172.872583"
"111","Isabella","Jackson","White","36","female","isabella.jackson@x.dummyjson.com","+44 398-882-4460","isabellaw","isabellawpass","1988-12-26","https://dummyjson.com/icon/isabellaw/128","O-","192.20","96.97","Brown","Purple","Wavy","3.244.185.83","200 Pine Street","Charlotte","80531","Connecticut","-67.335287","-128.480048"
"112","Alexander","Hernandez","","41","male","alexander.hernandez@x.dummyjson.com","+49 410-245-8608","alexanderh","alexanderhpass","1983-7-4","https://dummyjson.com/icon/alexanderh/128","B-","172.20","82.30","Blue","Brown","Kinky","145.104.53.16","329 Second Street","Dallas","49314","Idaho","14.101714","-148.130379"
"113","Mia","Miller","Martin","25","female","mia.miller@x.dummyjson.com","+1 484-466-3879","miam","miampass","1999-7-10","https://dummyjson.com/icon/miam/128","O-","197.72","54.70","Violet","Green","Kinky","46.101.94.61","1706 First Street","Denver","43350","Michigan","-52.149832","-103.851339"
"114","Ethan","Thompson","","32","male","ethan.thompson@x.dummyjson.com","+1 872-403-3499","ethant","ethantpass","1992-1-10","https://dummyjson.com/icon/ethant/128","A-","153.05","79.71","Amber","Gray","Kinky","236.39.153.193","1497 Tenth Street","Dallas","38792","Tennessee","17.032342","-23.993339"
"115","Charlotte","Davis","Brown","38","female","charlotte.davis@x.dummyjson.com","+91 908-214-6224","charlotteb","charlottebpass","1986-1-18","https://dummyjson.com/icon/charlotteb/128","B-","182.35","99.38","Amber","Blonde","Wavy","147.246.166.48","1787 Sixth Street","Fort Worth","41530","Massachusetts","40.199624","-100.939984"
"116","William","Lopez","","26","male","william.lopez@x.dummyjson.com","+49 254-368-2317","williaml","williamlpass","1998-11-1","https://dummyjson.com/icon/williaml/128","O+","186.91","50.32","Violet","Blue","Kinky","160.129.222.72","566 Madison Street","Washington","28272","Arkansas","-86.122625","174.058446"
"117","Amelia","Perez","Gonzalez","43","female","amelia.perez@x.dummyjson.com","+49 751-988-9521","ameliag","ameliagpass","1981-1-29","https://dummyjson.com/icon/ameliag/128","B+","186.66","80.38","Brown","Brown","Wavy","249.222.49.78","25 Elm Street","New York","88314","New Hampshire","-55.895738","-117.829232"
"118","Benjamin","Wilson","","30","male","benjamin.wilson@x.dummyjson.com","+91 482-329-9835","benjaminw","benjaminwpass","1994-3-11","https://dummyjson.com/icon/benjaminw/128","A-","154.98","88.95","Green","Gray","Kinky","198.187.169.104","1469 Elm Street","Philadelphia","47295","New Hampshire","25.447567","-84.61101"
"119","Liam","Gonzalez","Rodriguez","34","male","liam.gonzalez@x.dummyjson.com","+1 803-794-6247","liamr","liamrpass","1990-9-14","https://dummyjson.com/icon/liamr/128","AB-","182.76","76.81","Green","Gray","Curly","234.42.59.250","1628 Adams Street","Columbus","31018","New Hampshire","-7.51515","115.577498"
"120","Evelyn","Walker","Flores","37","female","evelyn.walker@x.dummyjson.com","+44 478-401-7533","evelynf","evelynfpass","1987-8-24","https://dummyjson.com/icon/evelynf/128","O-","178.35","56.33","Blue","Black","Wavy","38.99.12.157","310 Madison Street","Phoenix","16437","Arizona","-62.62634","-47.556406"
"121","Ava","Harris","","29","female","ava.harris@x.dummyjson.com","+44 422-227-6412","avahx","avahxpass","1995-8-26","https://dummyjson.com/icon/avahx/128","A-","199.36","63.30","Blue","Brown","Wavy","23.127.175.229","518 Elm Street","San Antonio","35171","Florida","74.817644","15.72801"
"122","Liam","Smith","Thomas","44","male","liam.smith@x.dummyjson.com","+44 293-526-4966","liamt","liamtpass","1980-11-24","https://dummyjson.com/icon/liamt/128","A-","180.32","97.71","Red","Blonde","Wavy","223.143.73.113","781 Jefferson Street","Jacksonville","34638","Vermont","60.431607","37.172499"
"123","Harper","King","Baker","23","female","harper.king@x.dummyjson.com","+92 865-719-5676","harperb","harperbpass","2001-6-17","https://dummyjson.com/icon/harperb/128","A+","156.42","67.02","Amber","Black","Kinky","60.163.119.248","881 Lincoln Street","Phoenix","60136","Washington","63.580461","20.01683"
"124","Noah","Lewis","","39","male","noah.lewis@x.dummyjson.com","+61 396-867-4229","noahl","noahlpass","1985-6-9","https://dummyjson.com/icon/noahl/128","AB-","168.71","86.15","Green","Brown","Curly","210.106.253.177","41 Fifth Street","Denver","42655","Alabama","62.7964","-10.481867"
"125","Logan","Lee","","45","male","logan.lee@x.dummyjson.com","+92 231-690-1885","loganlx","loganlxpass","1979-10-18","https://dummyjson.com/icon/loganlx/128","O+","180.04","92.82","Brown","Blonde","Straight","84.172.241.191","474 Washington Street","Los Angeles","85616","Oregon","-84.199564","-88.786066"
"126","Avery","Scott","Adams","27","female","avery.scott@x.dummyjson.com","+91 965-669-9087","averya","averyapass","1997-10-13","https://dummyjson.com/icon/averya/128","B-","161.67","56.81","Green","Black","Kinky","227.163.241.130","1766 Jefferson Street","New York","18065","Arizona","-75.143865","147.08972"
"127","Mason","Wright","","40","male","mason.wright@x.dummyjson.com","+61 251-806-5947","masonw","masonwpass","1984-5-17","https://dummyjson.com/icon/masonw/128","A-","162.47","79.18","Brown","Gray","Wavy","39.155.137.209","1195 Main Street","Indianapolis","44469","Tennessee","4.881216","95.227225"
"128","Grace","Green","Evans","35","female","grace.green@x.dummyjson.com","+91 339-788-2388","gracee","graceepass","1989-2-4","https://dummyjson.com/icon/gracee/128","B-","197.09","92.08","Green","Red","Straight","27.251.232.118","1415 Oak Street","Los Angeles","85922","Nevada","42.451115","-141.959996"
"129","Lucas","Allen","","26","male","lucas.allen@x.dummyjson.com","+61 831-566-3134","lucasa","lucasapass","1998-11-1","https://dummyjson.com/icon/lucasa/128","B-","199.33","67.89","Gray","Black","Wavy","70.157.133.232","1160 Eighth Street","Jacksonville","78335","New Mexico","-75.052492","-97.743046"
"130","Chloe","Roberts","Price","41","female","chloe.roberts@x.dummyjson.com","+44 900-399-5847","chloep","chloeppass","1983-4-8","https://dummyjson.com/icon/chloep/128","AB+","153.85","72.46","Gray","White","Straight","70.183.180.248","1976 Elm Street","San Jose","83671","Arkansas","45.06526","172.773263"
"131","Jackson","Morales","","33","male","jackson.morales@x.dummyjson.com","+1 685-561-9154","jacksonm","jacksonmpass","1991-9-18","https://dummyjson.com/icon/jacksonm/128","AB-","154.30","60.62","Violet","Brown","Curly","10.39.106.47","1549 Main Street","Austin","23595","Arkansas","89.624584","-107.671084"
"132","Zoe","Bennett","Carter","28","female","zoe.bennett@x.dummyjson.com","+44 944-423-6651","zoec","zoecpass","1996-5-11","https://dummyjson.com/icon/zoec/128","B-","187.90","99.54","Blue","Blonde","Curly","161.79.176.71","1252 Seventh Street","San Jose","50908","Utah","69.750311","73.644612"
"133","Carter","Rivera","","37","male","carter.rivera@x.dummyjson.com","+92 500-957-1453","carterr","carterrpass","1987-1-19","https://dummyjson.com/icon/carterr/128","B-","192.63","56.51","Green","Green","Curly","213.213.80.240","89 Main Street","Phoenix","59420","South Carolina","74.539668","-124.72219"
"134","Nora","Russell","Morgan","24","female","nora.russell@x.dummyjson.com","+81 415-979-9594","noramx","noramxpass","2000-3-30","https://dummyjson.com/icon/noramx/128","B+","162.57","76.02","Violet","Purple","Curly","76.41.20.150","1915 Elm Street","Charlotte","77947","West Virginia","-79.430607","19.96758"
"135","Elijah","Cruz","","29","male","elijah.cruz@x.dummyjson.com","+1 613-532-2557","elijahc","elijahcpass","1995-1-23","https://dummyjson.com/icon/elijahc/128","O+","195.29","78.61","Gray","Brown","Wavy","178.45.211.139","583 Second Street","Seattle","26483","North Dakota","19.529428","165.798169"
"136","Madison","Stewart","Kelly","36","female","madison.stewart@x.dummyjson.com","+61 455-829-5048","madisonk","madisonkpass","1988-5-15","https://dummyjson.com/icon/madisonk/128","B-","199.81","76.36","Blue","Brown","Kinky","110.144.81.89","823 Sixth Street","Indianapolis","66305","Arkansas","-26.509663","-127.744698"
"137","Gabriel","Bailey","","42","male","gabriel.bailey@x.dummyjson.com","+91 970-512-5684","gabrielb","gabrielbpass","1982-11-22","https://dummyjson.com/icon/gabrielb/128","O-","185.22","66.39","Violet","Purple","Wavy","102.6.102.233","1001 Fifth Street","Philadelphia","39924","New Mexico","-75.122944","-64.318724"
"138","Lily","Torres","Lopez","31","female","lily.torres@x.dummyjson.com","+91 610-954-3059","lilyl","lilylpass","1993-8-22","https://dummyjson.com/icon/lilyl/128","B-","191.89","89.54","Hazel","Blue","Wavy","177.180.239.191","1007 Lincoln Street","Chicago","44296","Illinois","62.991584","152.588663"
"139","Elijah","Hill","","26","male","elijah.hill@x.dummyjson.com","+91 906-692-9655","elijahh","elijahhpass","1998-8-25","https://dummyjson.com/icon/elijahh/128","B+","160.31","76.30","Gray","Purple","Straight","175.3.175.35","1842 Eighth Street","Los Angeles","47017","Maine","15.130769","31.685277"
"140","Hannah","Howard","Graham","35","female","hannah.howard@x.dummyjson.com","+1 884-326-8478","hannahg","hannahgpass","1989-10-15","https://dummyjson.com/icon/hannahg/128","B-","189.91","58.16","Red","Red","Kinky","255.136.28.75","783 Fifth Street","Indianapolis","72695","Indiana","60.841918","105.608089"
"141","Owen","Sullivan","","43","male","owen.sullivan@x.dummyjson.com","+91 438-781-6749","owens","owenspass","1981-1-2","https://dummyjson.com/icon/owens/128","AB+","156.97","79.13","Hazel","Red","Curly","211.229.95.93","1487 Maple Street","Charlotte","78780","Mississippi","-80.040112","51.292783"
"142","Aria","Parker","Miller","27","female","aria.parker@x.dummyjson.com","+91 762-847-6884","ariam","ariampass","1997-7-6","https://dummyjson.com/icon/ariam/128","AB-","164.79","92.15","Blue","Green","Curly","112.164.28.147","1504 Tenth Street","Phoenix","16573","Alabama","56.943768","41.212736"
"143","Grayson","Coleman","","30","male","grayson.coleman@x.dummyjson.com","+61 238-607-2286","graysonc","graysoncpass","1994-12-15","https://dummyjson.com/icon/graysonc/128","O+","180.01","69.94","Hazel","Gray","Straight","62.75.54.134","328 Fifth Street","San Francisco","82802","Illinois","45.278241","-118.657493"
"144","Ella","Cook","Robinson","38","female","ella.cook@x.dummyjson.com","+91 736-763-5452","ellar","ellarpass","1986-10-28","https://dummyjson.com/icon/ellar/128","AB+","162.80","75.09","Hazel","Red","Kinky","109.193.157.140","624 Sixth Street","Fort Worth","49323","New Hampshire","-71.093517","106.087919"
"145","Luke","Cooper","","25","male","luke.cooper@x.dummyjson.com","+61 347-869-6758","lukec","lukecpass","1999-4-20","https://dummyjson.com/icon/lukec/128","O-","165.98","79.02","Hazel","Blonde","Wavy","219.83.201.134","355 Ninth Street","San Antonio","36126","Maryland","-39.478613","-164.971685"
"146","Leah","Hughes","Perez","32","female","leah.hughes@x.dummyjson.com","+1 935-838-3386","leahp","leahppass","1992-6-2","https://dummyjson.com/icon/leahp/128","B-","180.30","64.31","Amber","Green","Wavy","170.69.157.12","1329 Sixth Street","Indianapolis","66061","Indiana","-33.238059","-48.876125"
"147","Henry","Turner","","44","male","henry.turner@x.dummyjson.com","+1 374-470-5082","henryt","henrytpass","1980-6-12","https://dummyjson.com/icon/henryt/128","AB-","151.17","62.94","Amber","Brown","Straight","96.193.117.130","201 Sixth Street","Philadelphia","41914","Ohio","-26.432988","79.850071"
"148","Aurora","Barnes","Gomez","29","female","aurora.barnes@x.dummyjson.com","+91 403-842-9683","aurorag","auroragpass","1995-12-15","https://dummyjson.com/icon/aurorag/128","B+","185.79","53.66","Green","Red","Curly","204.17.198.20","1184 Adams Street","New York","19201","Idaho","-20.67407","107.281052"
"149","Wyatt","Perry","","34","male","wyatt.perry@x.dummyjson.com","+81 370-801-1294","wyattp","wyattppass","1990-5-23","https://dummyjson.com/icon/wyattp/128","B-","152.50","83.76","Green","Purple","Wavy","17.245.68.234","1864 Oak Street","Charlotte","26451","Wisconsin","81.83425","32.721892"
"150","Stella","Morris","Sanchez","39","female","stella.morris@x.dummyjson.com","+1 202-954-5884","stellas","stellaspass","1985-3-15","https://dummyjson.com/icon/stellas/128","A+","179.02","88.22","Violet","Blonde","Wavy","230.238.153.252","257 Ninth Street","San Diego","80524","Rhode Island","14.373938","-117.931737"
"151","Nathan","Reed","","28","male","nathan.reed@x.dummyjson.com","+1 448-642-4577","nathanr","nathanrpass","1996-12-26","https://dummyjson.com/icon/nathanr/128","A+","186.76","52.22","Amber","Brown","Curly","216.178.112.125","82 Cedar Street","Los Angeles","73204","Utah","66.874876","-47.038037"
"152","Paisley","Bell","Flores","43","female","paisley.bell@x.dummyjson.com","+81 744-537-2238","paisleyf","paisleyfpass","1981-5-10","https://dummyjson.com/icon/paisleyf/128","B-","180.16","84.81","Hazel","Blonde","Kinky","8.33.214.38","541 Elm Street","San Diego","49147","Delaware","-29.795045","-155.343108"
"153","Christian","Perez","","31","male","christian.perez@x.dummyjson.com","+91 223-371-4471","christianp","christianppass","1993-7-24","https://dummyjson.com/icon/christianp/128","B-","163.47","67.09","Hazel","White","Wavy","52.154.199.19","1013 Madison Street","Chicago","35579","Iowa","16.612785","-157.687335"
"154","Bella","Gonzalez","Adams","26","female","bella.gonzalez@x.dummyjson.com","+81 213-723-5694","bellaa","bellaapass","1998-6-17","https://dummyjson.com/icon/bellaa/128","O+","159.37","56.06","Blue","Red","Wavy","129.106.244.122","1447 Main Street","Jacksonville","65463","New York","-63.953218","-179.352554"
"155","Nicholas","Edwards","","41","male","nicholas.edwards@x.dummyjson.com","+44 983-891-6014","nicholase","nicholasepass","1983-1-13","https://dummyjson.com/icon/nicholase/128","A-","156.74","82.94","Green","Blue","Wavy","185.136.227.153","1796 First Street","Chicago","25035","North Carolina","32.326166","-57.129602"
"156","Mila","Hernandez","Mitchell","33","female","mila.hernandez@x.dummyjson.com","+49 893-855-2896","milam","milampass","1991-8-18","https://dummyjson.com/icon/milam/128","B-","174.13","80.97","Hazel","Brown","Kinky","109.219.231.82","1454 Oak Street","Seattle","46438","New Mexico","89.661297","163.24939"
"157","Aaron","Cook","","27","male","aaron.cook@x.dummyjson.com","+81 362-539-6973","aaronc","aaroncpass","1997-1-26","https://dummyjson.com/icon/aaronc/128","AB+","165.60","61.17","Green","Blue","Curly","71.248.65.203","169 First Street","Phoenix","52331","Wyoming","-6.538887","-58.475605"
"158","Aubrey","Gutierrez","Baker","36","female","aubrey.gutierrez@x.dummyjson.com","+92 881-268-9845","aubreyb","aubreybpass","1988-2-19","https://dummyjson.com/icon/aubreyb/128","AB-","186.45","69.83","Brown","Black","Wavy","19.183.244.21","1207 Oak Street","Philadelphia","78892","Connecticut","-3.033666","-35.006014"
"159","Eli","Ward","","30","male","eli.ward@x.dummyjson.com","+92 770-978-9439","eliw","eliwpass","1994-4-24","https://dummyjson.com/icon/eliw/128","O-","199.25","61.46","Violet","Black","Wavy","67.192.93.229","850 Fourth Street","Columbus","67863","Connecticut","-48.916279","-55.125238"
"160","Claire","Foster","Stewart","29","female","claire.foster@x.dummyjson.com","+81 570-848-1400","claires","clairespass","1995-2-24","https://dummyjson.com/icon/claires/128","AB+","167.27","66.04","Brown","Blonde","Wavy","158.10.110.213","981 Pine Street","San Jose","33308","Massachusetts","-34.990544","5.238312"
"161","James","Gonzales","","44","male","james.gonzales@x.dummyjson.com","+92 970-896-7544","jamesgx","jamesgxpass","1980-9-5","https://dummyjson.com/icon/jamesgx/128","B-","172.55","89.39","Gray","Red","Kinky","124.90.55.90","1535 Cedar Street","Seattle","32066","Montana","41.771503","-143.60333"
"162","Mateo","Bennett","","28","male","mateo.bennett@x.dummyjson.com","+91 232-996-1168","mateob","mateobpass","1996-8-8","https://dummyjson.com/icon/mateob/128","B+","186.64","79.25","Red","White","Kinky","59.222.148.82","365 Washington Street","Jacksonville","61459","Connecticut","81.588332","23.122562"
"163","Julian","James","","24","male","julian.james@x.dummyjson.com","+92 871-230-2864","julianj","julianjpass","2000-8-15","https://dummyjson.com/icon/julianj/128","B+","161.77","83.55","Violet","Red","Wavy","171.226.156.64","1000 Fourth Street","Charlotte","25690","Nebraska","49.570683","99.890665"
"164","Addison","Ward","Foster","29","female","addison.ward@x.dummyjson.com","+1 248-875-1802","addisonf","addisonfpass","1995-8-23","https://dummyjson.com/icon/addisonf/128","B-","160.22","75.72","Amber","Green","Wavy","74.79.100.79","1320 Fifth Street","San Francisco","20149","South Carolina","-39.289112","46.108923"
"165","Leo","Rivera","","36","male","leo.rivera@x.dummyjson.com","+44 625-386-6730","leor","leorpass","1988-7-29","https://dummyjson.com/icon/leor/128","AB-","195.49","75.77","Hazel","Green","Curly","182.249.72.154","792 Adams Street","Fort Worth","16848","Vermont","-68.346297","-105.349177"
"166","Elena","Long","Mitchell","42","female","elena.long@x.dummyjson.com","+91 697-839-3216","elenam","elenampass","1982-4-4","https://dummyjson.com/icon/elenam/128","AB+","179.89","56.93","Hazel","Brown","Kinky","252.247.244.14","1883 Lincoln Street","San Jose","29766","New York","-59.16639","-110.237583"
"167","Evan","Wright","","31","male","evan.wright@x.dummyjson.com","+92 329-343-8617","evanw","evanwpass","1993-6-24","https://dummyjson.com/icon/evanw/128","AB+","187.05","61.58","Red","White","Straight","246.150.23.157","1192 Seventh Street","San Jose","20257","Wisconsin","-4.634296","-76.469476"
"168","Luna","Perez","Hernandez","26","female","luna.perez@x.dummyjson.com","+92 202-261-2116","lunah","lunahpass","1998-10-8","https://dummyjson.com/icon/lunah/128","AB+","182.59","68.01","Hazel","Black","Wavy","100.251.47.74","437 First Street","San Diego","56628","Arizona","-4.975011","-122.36835"
"169","Jaxon","Barnes","","41","male","jaxon.barnes@x.dummyjson.com","+92 263-713-5362","jaxonb","jaxonbpass","1983-7-16","https://dummyjson.com/icon/jaxonb/128","O-","194.37","60.15","Red","Green","Straight","238.130.227.82","1965 Washington Street","Indianapolis","56080","Colorado","-51.482246","69.659375"
"170","Penelope","King","Taylor","33","female","penelope.king@x.dummyjson.com","+44 802-959-3104","penelopet","penelopetpass","1991-1-27","https://dummyjson.com/icon/penelopet/128","B+","195.84","50.48","Violet","Red","Curly","153.88.226.4","1002 Eighth Street","Los Angeles","35724","New Hampshire","69.798238","-23.843511"
"171","Connor","Baker","","27","male","connor.baker@x.dummyjson.com","+49 638-260-8907","connorb","connorbpass","1997-2-2","https://dummyjson.com/icon/connorb/128","AB-","166.57","59.49","Green","Blonde","Straight","74.144.84.40","910 Adams Street","Indianapolis","37331","Louisiana","64.049998","17.631126"
"172","Ariana","Ross","Ward","36","female","ariana.ross@x.dummyjson.com","+61 393-553-7155","arianaw","arianawpass","1988-9-26","https://dummyjson.com/icon/arianaw/128","O-","164.81","50.30","Red","White","Kinky","47.190.165.179","911 First Street","Chicago","59220","West Virginia","-39.772203","-90.030002"
"173","Asher","Scott","","30","male","asher.scott@x.dummyjson.com","+81 469-421-7639","ashers","asherspass","1994-8-18","https://dummyjson.com/icon/ashers/128","O+","169.56","54.08","Blue","Blue","Curly","150.136.12.36","666 Main Street","Dallas","82460","Vermont","-80.129031","-63.515107"
"174","Sadie","Morales","Perez","29","female","sadie.morales@x.dummyjson.com","+61 203-600-1121","sadiep","sadieppass","1995-2-9","https://dummyjson.com/icon/sadiep/128","AB-","168.13","70.75","Gray","Blue","Wavy","96.40.37.194","702 Fifth Street","Seattle","44232","Wisconsin","1.624325","169.257306"
"175","Gabriel","Mitchell","","44","male","gabriel.mitchell@x.dummyjson.com","+81 861-548-2844","gabrielm","gabrielmpass","1980-8-18","https://dummyjson.com/icon/gabrielm/128","O-","197.94","67.80","Hazel","Blue","Kinky","184.237.159.84","1698 Ninth Street","Charlotte","14149","Mississippi","77.328632","-179.958549"
"176","Aaliyah","Martinez","Adams","28","female","aaliyah.martinez@x.dummyjson.com","+91 862-924-5336","aaliyaha","aaliyahapass","1996-2-2","https://dummyjson.com/icon/aaliyaha/128","B+","177.05","68.62","Green","Blonde","Curly","164.70.78.194","935 Fifth Street","New York","60165","West Virginia","2.456241","-122.373016"
"177","Xavier","Wright","","37","male","xavier.wright@x.dummyjson.com","+91 561-239-9006","xavierw","xavierwpass","1987-1-11","https://dummyjson.com/icon/xavierw/128","AB+","192.26","85.15","Violet","Green","Straight","191.157.149.183","1497 Eighth Street","Jacksonville","37262","Maryland","-82.732098","-118.759483"
"178","Savannah","Gomez","Evans","25","female","savannah.gomez@x.dummyjson.com","+92 242-841-6772","savannahe","savannahepass","1999-2-16","https://dummyjson.com/icon/savannahe/128","A-","168.59","73.74","Hazel","White","Straight","204.100.141.2","1410 Main Street","Austin","20453","Mississippi","17.437754","52.607007"
"179","Tyler","Davis","","42","male","tyler.davis@x.dummyjson.com","+92 633-378-5551","tylerd","tylerdpass","1982-5-21","https://dummyjson.com/icon/tylerd/128","O+","185.65","77.02","Violet","White","Straight","31.197.214.168","1859 Elm Street","Columbus","59597","Wisconsin","-11.614709","-140.027621"
"180","Aurora","Rodriguez","Nelson","31","female","aurora.rodriguez@x.dummyjson.com","+61 393-225-2755","auroran","auroranpass","1993-11-23","https://dummyjson.com/icon/auroran/128","AB+","164.92","65.48","Brown","Black","Kinky","127.15.107.0","1388 Madison Street","Chicago","60765","Missouri","11.918088","-78.222936"
"181","Brandon","Collins","","26","male","brandon.collins@x.dummyjson.com","+91 994-732-2700","brandonc","brandoncpass","1998-1-19","https://dummyjson.com/icon/brandonc/128","B+","173.25","68.45","Brown","Black","Curly","2.164.227.107","374 First Street","Dallas","62698","Delaware","64.264679","174.078392"
"182","Ellie","Stewart","Hill","41","female","ellie.stewart@x.dummyjson.com","+1 901-445-7668","ellieh","elliehpass","1983-11-2","https://dummyjson.com/icon/ellieh/128","O-","189.43","87.61","Green","White","Straight","248.18.30.194","1700 Cedar Street","Philadelphia","25365","Idaho","-4.323913","-53.677351"
"183","Cameron","Perez","","33","male","cameron.perez@x.dummyjson.com","+91 275-868-7103","cameronp","cameronppass","1991-9-2","https://dummyjson.com/icon/cameronp/128","B-","153.92","86.88","Hazel","Blonde","Curly","124.76.78.240","1179 Second Street","San Jose","51464","Georgia","46.602121","27.216432"
"184","Natalie","Price","Hernandez","28","female","natalie.price@x.dummyjson.com","+91 273-928-7633","nataliehx","nataliehxpass","1996-10-9","https://dummyjson.com/icon/nataliehx/128","B+","167.08","65.86","Violet","Gray","Wavy","3.53.149.153","1403 Lincoln Street","Washington","76767","Maryland","51.396873","-93.569135"
"185","Henry","Adams","","44","male","henry.adams@x.dummyjson.com","+61 715-487-1979","henrya","henryapass","1980-7-14","https://dummyjson.com/icon/henrya/128","AB+","155.01","56.01","Brown","Blue","Kinky","67.144.157.90","151 Oak Street","Dallas","78616","Georgia","6.813674","-105.472209"
"186","Harper","Garcia","Bell","29","female","harper.garcia@x.dummyjson.com","+92 230-235-4683","harperbx","harperbxpass","1995-5-5","https://dummyjson.com/icon/harperbx/128","B+","167.38","79.54","Hazel","Blonde","Curly","147.157.206.159","905 Ninth Street","Los Angeles","33556","Michigan","87.610618","-10.758155"
"187","Zachary","Lee","","36","male","zachary.lee@x.dummyjson.com","+61 382-295-6973","zacharyl","zacharylpass","1988-12-26","https://dummyjson.com/icon/zacharyl/128","AB-","193.23","94.79","Brown","Blonde","Curly","49.188.116.209","1532 Third Street","Dallas","60280","Alabama","71.063285","15.925876"
"188","Aria","Flores","Martin","25","female","aria.flores@x.dummyjson.com","+61 415-771-8232","ariamx","ariamxpass","1999-11-8","https://dummyjson.com/icon/ariamx/128","O-","160.06","92.02","Amber","Brown","Wavy","86.67.36.191","492 Pine Street","Indianapolis","71284","Tennessee","-88.3996","22.908268"
"189","Tristan","Scott","","30","male","tristan.scott@x.dummyjson.com","+44 401-329-9855","tristans","tristanspass","1994-12-2","https://dummyjson.com/icon/tristans/128","O+","174.12","59.54","Gray","Blonde","Curly","192.185.20.193","407 Tenth Street","San Diego","74135","Arkansas","41.054431","166.675065"
"190","Leah","Gutierrez","Wright","31","female","leah.gutierrez@x.dummyjson.com","+1 300-470-3376","leahw","leahwpass","1993-6-22","https://dummyjson.com/icon/leahw/128","AB+","151.25","97.88","Violet","White","Straight","145.139.252.76","370 Fifth Street","Denver","70175","Michigan","21.571413","-29.683505"
"191","Layla","Young","Brown","41","female","layla.young@x.dummyjson.com","+44 224-805-7678","laylab","laylabpass","1983-4-30","https://dummyjson.com/icon/laylab/128","AB-","164.15","98.17","Violet","Black","Curly","160.161.233.99","856 Third Street","Houston","49221","Florida","27.700352","39.899995"
"192","Nolan","Gonzalez","","33","male","nolan.gonzalez@x.dummyjson.com","+49 666-608-6933","nolang","nolangpass","1991-6-11","https://dummyjson.com/icon/nolang/128","AB-","157.63","61.56","Red","Green","Kinky","212.114.53.82","688 Eighth Street","San Francisco","41010","Vermont","46.482884","99.998177"
"193","Hazel","Evans","Collins","28","female","hazel.evans@x.dummyjson.com","+92 319-405-4110","hazelc","hazelcpass","1996-8-11","https://dummyjson.com/icon/hazelc/128","B-","188.78","77.33","Amber","Green","Curly","94.206.41.47","855 Jefferson Street","Dallas","49273","South Dakota","-51.810295","63.397461"
"194","Brayden","Hill","","45","male","brayden.hill@x.dummyjson.com","+61 371-853-2857","braydenh","braydenhpass","1979-4-20","https://dummyjson.com/icon/braydenh/128","A-","196.84","84.16","Green","White","Kinky","9.79.112.93","144 Jefferson Street","Austin","40298","Massachusetts","-75.17099","-121.998953"
"195","Violet","Roberts","Adams","29","female","violet.roberts@x.dummyjson.com","+49 724-357-9329","violeta","violetapass","1995-6-14","https://dummyjson.com/icon/violeta/128","A-","187.32","82.79","Hazel","Purple","Curly","148.79.103.219","1117 Tenth Street","San Jose","89729","South Carolina","-74.346078","-146.099155"
"196","Lucas","Ramirez","","34","male","lucas.ramirez@x.dummyjson.com","+92 745-454-8374","lucasr","lucasrpass","1990-12-4","https://dummyjson.com/icon/lucasr/128","A-","181.93","90.12","Brown","Green","Wavy","132.79.66.76","773 Fourth Street","San Francisco","33971","Delaware","25.678873","-49.347981"
"197","Eleanor","Collins","Ward","37","female","eleanor.collins@x.dummyjson.com","+44 353-303-4041","eleanorw","eleanorwpass","1987-1-20","https://dummyjson.com/icon/eleanorw/128","O-","190.86","75.95","Brown","Green","Kinky","216.88.62.56","285 Adams Street","Phoenix","18908","Utah","-41.260692","27.327538"
"198","Max","Parker","","32","male","max.parker@x.dummyjson.com","+81 250-310-5486","maxp","maxppass","1992-1-15","https://dummyjson.com/icon/maxp/128","A-","154.14","69.87","Blue","White","Straight","134.44.115.225","1038 Oak Street","Washington","20650","Alaska","-60.942128","-116.870235"
"199","Vivian","Carter","Gomez","26","female","vivian.carter@x.dummyjson.com","+92 237-734-8586","viviang","viviangpass","1998-2-25","https://dummyjson.com/icon/viviang/128","B+","172.82","79.28","Violet","White","Straight","129.204.254.126","511 First Street","Indianapolis","29369","Pennsylvania","-53.884404","-10.723838"
"200","Adrian","Flores","","43","male","adrian.flores@x.dummyjson.com","+61 524-858-7351","adrianf","adrianfpass","1981-5-1","https://dummyjson.com/icon/adrianf/128","O+","183.05","97.74","Green","Purple","Wavy","86.244.141.158","1395 Madison Street","New York","60163","Delaware","48.779884","-84.200415"
"201","Maya","Reed","Hernandez","29","female","maya.reed@x.dummyjson.com","+92 291-415-7257","mayah","mayahpass","1995-9-12","https://dummyjson.com/icon/mayah/128","A+","186.42","97.61","Green","Purple","Straight","8.251.22.128","1579 Pine Street","Seattle","88510","Florida","-60.719414","-51.829096"
"202","Caleb","Nelson","","36","male","caleb.nelson@x.dummyjson.com","+91 820-504-1614","calebn","calebnpass","1988-9-25","https://dummyjson.com/icon/calebn/128","AB+","161.38","81.07","Blue","Blonde","Curly","93.20.237.190","684 Madison Street","Philadelphia","22625","North Dakota","-1.336275","52.740574"
"203","Nova","Cooper","Bell","31","female","nova.cooper@x.dummyjson.com","+49 292-569-8252","novab","novabpass","1993-6-16","https://dummyjson.com/icon/novab/128","B-","155.62","60.62","Hazel","Brown","Curly","143.240.135.160","1687 Pine Street","Los Angeles","49131","Nebraska","64.747296","148.357671"
"204","Mateo","Perez","","45","male","mateo.perez@x.dummyjson.com","+44 704-302-8113","mateop","mateoppass","1979-1-26","https://dummyjson.com/icon/mateop/128","AB-","172.33","56.27","Brown","Black","Curly","251.91.116.19","798 Ninth Street","Jacksonville","12771","Texas","23.706655","-56.346259"
"205","Aubrey","Garcia","Gray","28","female","aubrey.garcia@x.dummyjson.com","+1 470-576-9130","aubreyg","aubreygpass","1996-11-5","https://dummyjson.com/icon/aubreyg/128","AB+","192.28","85.89","Brown","Red","Curly","0.163.108.147","1221 Washington Street","Los Angeles","78498","South Carolina","80.449539","-142.231527"
"206","Elena","Baker","","34","female","elena.baker@x.dummyjson.com","+49 978-346-6960","elenab","elenabpass","1990-3-16","https://dummyjson.com/icon/elenab/128","O+","150.62","95.55","Brown","Brown","Straight","85.35.8.29","117 Maple Street","San Francisco","40535","Tennessee","30.069731","-118.879243"
"207","Jace","Smith","","41","male","jace.smith@x.dummyjson.com","+1 634-923-7779","jaces","jacespass","1983-12-18","https://dummyjson.com/icon/jaces/128","A+","185.55","59.24","Gray","Black","Straight","72.202.161.214","1856 Tenth Street","Seattle","60977","South Dakota","-64.699698","-99.677422"
"208","Samantha","Martinez","Lopez","27","female","samantha.martinez@x.dummyjson.com","+49 493-402-2473","samanthal","samanthalpass","1997-9-3","https://dummyjson.com/icon/samanthal/128","AB+","164.29","55.48","Hazel","Green","Straight","168.48.152.139","1890 First Street","Los Angeles","53772","New Hampshire","-89.0775","-81.825967"
